<?xml version="1.0" encoding="UTF-8" standalone="yes"?>
<ns2:assetBean xmlns:ns2="http://www.fatwire.com/schema/rest/1.0">
    <id>CSElement:1363606978738</id>
    <name>avisports/checkcommunity</name>
    <createdby>fwadmin</createdby>
    <createddate>2013-03-19T04:22:30.419Z</createddate>
    <description>checks if Community is installed</description>
    <publist>avisports</publist>
    <status>ED</status>
    <subtype></subtype>
    <updatedby>fwadmin</updatedby>
    <updateddate>2013-03-19T04:25:46.890Z</updateddate>
    <attribute>
        <name>startdate</name>
        <data/>
    </attribute>
    <attribute>
        <name>enddate</name>
        <data/>
    </attribute>
    <attribute>
        <name>filename</name>
        <data>
            <stringValue></stringValue>
        </data>
    </attribute>
    <attribute>
        <name>path</name>
        <data>
            <stringValue></stringValue>
        </data>
    </attribute>
    <attribute>
        <name>template</name>
        <data>
            <stringValue></stringValue>
        </data>
    </attribute>
    <attribute>
        <name>urlexternaldoc</name>
        <data/>
    </attribute>
    <attribute>
        <name>externaldoctype</name>
        <data>
            <stringValue></stringValue>
        </data>
    </attribute>
    <attribute>
        <name>urlexternaldocxml</name>
        <data/>
    </attribute>
    <attribute>
        <name>fw_uid</name>
        <data>
            <stringValue>570070bd-192a-49e9-a69f-ecd1872e1bed</stringValue>
        </data>
    </attribute>
    <attribute>
        <name>id</name>
        <data>
            <longValue>1363606978738</longValue>
        </data>
    </attribute>
    <attribute>
        <name>fwtags</name>
        <data/>
    </attribute>
    <attribute>
        <name>Webreference</name>
        <data/>
    </attribute>
    <attribute>
        <name>Composition</name>
        <data/>
    </attribute>
    <attribute>
        <name>Mapping</name>
        <data/>
    </attribute>
    <attribute>
        <name>Arguments</name>
        <data/>
    </attribute>
    <attribute>
        <name>category</name>
        <data>
            <stringValue></stringValue>
        </data>
    </attribute>
    <attribute>
        <name>rootelement</name>
        <data>
            <stringValue>avisports/checkcommunity</stringValue>
        </data>
    </attribute>
    <attribute>
        <name>elementname</name>
        <data>
            <stringValue>avisports/checkcommunity</stringValue>
        </data>
    </attribute>
    <attribute>
        <name>resdetails1</name>
        <data>
            <stringValue>eid=1363606978738</stringValue>
        </data>
    </attribute>
    <attribute>
        <name>resdetails2</name>
        <data>
            <stringValue></stringValue>
        </data>
    </attribute>
    <attribute>
        <name>url</name>
        <data>
            <blobValue>
                <filename>avisports/checkcommunity.jsp</filename>
                <foldername></foldername>
                <filedata></filedata>
            </blobValue>
        </data>
    </attribute>
    <associations>
        <href>myPathassociations</href>
    </associations>
</ns2:assetBean>

<!--==================___ METADATA ___================
<dependencies>
  <linked-hash-set>
    <dependency>
      <depType>N</depType>
      <resType>CSElement</resType>
      <resId>1363606978738</resId>
      <uid>570070bd-192a-49e9-a69f-ecd1872e1bed</uid>
    </dependency>
  </linked-hash-set>
</dependencies>
==================______________________==================
#
storable0=/ELEMENTS/JSP/avisports/checkcommunity.jsp|UTF-8|_storable_type\=%2FELEMENTS%2FJSP%2Favisports%2Fcheckcommunity.jsp
@hashval=312394112
key=CSElement-570070bd-192a-49e9-a69f-ecd1872e1bed
type=ASSETDATA
sites=avisports

==================___ END METADATA ___==================-->
