<?xml version="1.0" encoding="UTF-8" standalone="yes"?>
<ns2:assetBean xmlns:ns2="http://www.fatwire.com/schema/rest/1.0">
    <id>CSElement:1364968741394</id>
    <name>avisports/GetLink</name>
    <createdby>fwadmin</createdby>
    <createddate>2013-04-03T09:07:55.800Z</createddate>
    <description></description>
    <publist>avisports</publist>
    <status>PL</status>
    <subtype></subtype>
    <updatedby>fwadmin</updatedby>
    <updateddate>2013-04-03T09:07:55.800Z</updateddate>
    <attribute>
        <name>startdate</name>
        <data/>
    </attribute>
    <attribute>
        <name>enddate</name>
        <data/>
    </attribute>
    <attribute>
        <name>filename</name>
        <data>
            <stringValue></stringValue>
        </data>
    </attribute>
    <attribute>
        <name>path</name>
        <data>
            <stringValue></stringValue>
        </data>
    </attribute>
    <attribute>
        <name>template</name>
        <data>
            <stringValue></stringValue>
        </data>
    </attribute>
    <attribute>
        <name>urlexternaldoc</name>
        <data/>
    </attribute>
    <attribute>
        <name>externaldoctype</name>
        <data>
            <stringValue></stringValue>
        </data>
    </attribute>
    <attribute>
        <name>urlexternaldocxml</name>
        <data/>
    </attribute>
    <attribute>
        <name>fw_uid</name>
        <data>
            <stringValue>8ebc74ab-03b1-480d-8e95-15cc5fa663b2</stringValue>
        </data>
    </attribute>
    <attribute>
        <name>id</name>
        <data>
            <longValue>1364968741394</longValue>
        </data>
    </attribute>
    <attribute>
        <name>fwtags</name>
        <data/>
    </attribute>
    <attribute>
        <name>Webreference</name>
        <data/>
    </attribute>
    <attribute>
        <name>Composition</name>
        <data/>
    </attribute>
    <attribute>
        <name>Mapping</name>
        <data/>
    </attribute>
    <attribute>
        <name>Arguments</name>
        <data/>
    </attribute>
    <attribute>
        <name>category</name>
        <data>
            <stringValue></stringValue>
        </data>
    </attribute>
    <attribute>
        <name>rootelement</name>
        <data>
            <stringValue>avisports/GetLink</stringValue>
        </data>
    </attribute>
    <attribute>
        <name>elementname</name>
        <data>
            <stringValue>avisports/GetLink</stringValue>
        </data>
    </attribute>
    <attribute>
        <name>resdetails1</name>
        <data>
            <stringValue>eid=1364968741394</stringValue>
        </data>
    </attribute>
    <attribute>
        <name>resdetails2</name>
        <data>
            <stringValue></stringValue>
        </data>
    </attribute>
    <attribute>
        <name>url</name>
        <data>
            <blobValue>
                <filename>avisports/GetLink.jsp</filename>
                <foldername></foldername>
                <filedata></filedata>
            </blobValue>
        </data>
    </attribute>
    <associations>
        <href>myPathassociations</href>
    </associations>
</ns2:assetBean>

<!--==================___ METADATA ___================
<dependencies>
  <linked-hash-set>
    <dependency>
      <depType>N</depType>
      <resType>CSElement</resType>
      <resId>1364968741394</resId>
      <uid>8ebc74ab-03b1-480d-8e95-15cc5fa663b2</uid>
    </dependency>
  </linked-hash-set>
</dependencies>
==================______________________==================
#
storable0=/ELEMENTS/JSP/avisports/GetLink.jsp|UTF-8|_storable_type\=%2FELEMENTS%2FJSP%2Favisports%2FGetLink.jsp
@hashval=149580532
key=CSElement-8ebc74ab-03b1-480d-8e95-15cc5fa663b2
type=ASSETDATA
sites=avisports

==================___ END METADATA ___==================-->
