<?xml version="1.0" encoding="UTF-8" standalone="yes"?>
<ns2:assetBean xmlns:ns2="http://www.fatwire.com/schema/rest/1.0">
    <id>Template:1374098084236</id>
    <name>Detail</name>
    <createdby>fwadmin</createdby>
    <createddate>2018-03-30T09:13:04.648Z</createddate>
    <description>enter Detail template for SimpleArticle assets</description>
    <publist>Avi_Sports_Store</publist>
    <status>PL</status>
    <subtype>SimpleArticle</subtype>
    <updatedby>fwadmin</updatedby>
    <updateddate>2018-03-30T09:13:04.648Z</updateddate>
    <attribute>
        <name>startdate</name>
        <data/>
    </attribute>
    <attribute>
        <name>enddate</name>
        <data/>
    </attribute>
    <attribute>
        <name>filename</name>
        <data>
            <stringValue></stringValue>
        </data>
    </attribute>
    <attribute>
        <name>path</name>
        <data>
            <stringValue></stringValue>
        </data>
    </attribute>
    <attribute>
        <name>template</name>
        <data>
            <stringValue></stringValue>
        </data>
    </attribute>
    <attribute>
        <name>urlexternaldoc</name>
        <data/>
    </attribute>
    <attribute>
        <name>externaldoctype</name>
        <data>
            <stringValue></stringValue>
        </data>
    </attribute>
    <attribute>
        <name>urlexternaldocxml</name>
        <data/>
    </attribute>
    <attribute>
        <name>fw_uid</name>
        <data>
            <stringValue>6bdf5c78-6da7-46aa-a2ad-17acb8c2ea7a</stringValue>
        </data>
    </attribute>
    <attribute>
        <name>id</name>
        <data>
            <longValue>1374098084236</longValue>
        </data>
    </attribute>
    <attribute>
        <name>fwtags</name>
        <data/>
    </attribute>
    <attribute>
        <name>Webreference</name>
        <data/>
    </attribute>
    <attribute>
        <name>category</name>
        <data>
            <stringValue></stringValue>
        </data>
    </attribute>
    <attribute>
        <name>keyword</name>
        <data>
            <stringValue></stringValue>
        </data>
    </attribute>
    <attribute>
        <name>source</name>
        <data>
            <stringValue></stringValue>
        </data>
    </attribute>
    <attribute>
        <name>rootelement</name>
        <data>
            <stringValue>SimpleArticle/Detail</stringValue>
        </data>
    </attribute>
    <attribute>
        <name>ttype</name>
        <data>
            <stringValue>b</stringValue>
        </data>
    </attribute>
    <attribute>
        <name>Arguments</name>
        <data/>
    </attribute>
    <attribute>
        <name>Composition</name>
        <data/>
    </attribute>
    <attribute>
        <name>Called</name>
        <data/>
    </attribute>
    <attribute>
        <name>Thumbnail</name>
        <data/>
    </attribute>
    <attribute>
        <name>Mapping</name>
        <data/>
    </attribute>
    <attribute>
        <name>acl</name>
        <data>
            <stringList>*</stringList>
        </data>
    </attribute>
    <attribute>
        <name>pagecriteria</name>
        <data>
            <stringList>c</stringList>
            <stringList>cid</stringList>
            <stringList>context</stringList>
            <stringList>d</stringList>
            <stringList>deviceid</stringList>
            <stringList>p</stringList>
            <stringList>rendermode</stringList>
            <stringList>site</stringList>
            <stringList>sitepfx</stringList>
            <stringList>ft_ss</stringList>
        </data>
    </attribute>
    <attribute>
        <name>element</name>
        <data>
            <structList>
                <item>
                    <name>resdetails2</name>
                    <data>
                        <stringValue></stringValue>
                    </data>
                </item>
                <item>
                    <name>cscacheinfo</name>
                    <data>
                        <stringValue>true,~0</stringValue>
                    </data>
                </item>
                <item>
                    <name>description</name>
                    <data>
                        <stringValue></stringValue>
                    </data>
                </item>
                <item>
                    <name>csstatus</name>
                    <data>
                        <stringValue>live</stringValue>
                    </data>
                </item>
                <item>
                    <name>sscacheinfo</name>
                    <data>
                        <stringValue>true,~0</stringValue>
                    </data>
                </item>
                <item>
                    <name>siteentry</name>
                    <data>
                        <structList>
                            <item>
                                <name>defaultarguments</name>
                                <data>
                                    <structList>
                                        <item>
                                            <name>name</name>
                                            <data>
                                                <stringValue>rendermode</stringValue>
                                            </data>
                                        </item>
                                        <item>
                                            <name>value</name>
                                            <data>
                                                <stringValue>live</stringValue>
                                            </data>
                                        </item>
                                    </structList>
                                    <structList>
                                        <item>
                                            <name>name</name>
                                            <data>
                                                <stringValue>site</stringValue>
                                            </data>
                                        </item>
                                        <item>
                                            <name>value</name>
                                            <data>
                                                <stringValue>Avi_Sports_Store</stringValue>
                                            </data>
                                        </item>
                                    </structList>
                                </data>
                            </item>
                            <item>
                                <name>pagename</name>
                                <data>
                                    <stringValue>Avi_Sports_Store/SimpleArticle/Detail</stringValue>
                                </data>
                            </item>
                        </structList>
                    </data>
                </item>
                <item>
                    <name>resdetails1</name>
                    <data>
                        <stringValue>tid=1374098084236</stringValue>
                    </data>
                </item>
                <item>
                    <name>elementname</name>
                    <data>
                        <stringValue>SimpleArticle/Detail</stringValue>
                    </data>
                </item>
                <item>
                    <name>url</name>
                    <data>
                        <blobValue>
                            <filename>SimpleArticle\Detail.jsp</filename>
                            <foldername></foldername>
                            <filedata></filedata>
                        </blobValue>
                    </data>
                </item>
            </structList>
        </data>
    </attribute>
    <attribute>
        <name>applicablesubtypes</name>
        <data>
            <stringList>*</stringList>
        </data>
    </attribute>
    <associations>
        <href>myPathassociations</href>
    </associations>
</ns2:assetBean>

<!--==================___ METADATA ___================
<dependencies>
  <linked-hash-set>
    <dependency>
      <depType>N</depType>
      <resType>Template</resType>
      <resId>1374098084236</resId>
      <uid>6bdf5c78-6da7-46aa-a2ad-17acb8c2ea7a</uid>
    </dependency>
    <dependency>
      <depType>E</depType>
      <resType>@ASSET_TYPE</resType>
      <resId>SimpleArticle</resId>
      <uid>c13f9270-d39a-4f65-9bca-4217d6e70849</uid>
    </dependency>
  </linked-hash-set>
</dependencies>
==================______________________==================
#
storable0=/ELEMENTS/JSP/SimpleArticle/Detail.jsp|UTF-8|_storable_type\=%2FELEMENTS%2FJSP%2FSimpleArticle%2FDetail.jsp
@hashval=-769635073
key=Template-6bdf5c78-6da7-46aa-a2ad-17acb8c2ea7a
type=ASSETDATA
sites=Avi_Sports_Store

==================___ END METADATA ___==================-->
