<object-stream>
  <com.fatwire.realtime.ResourceDataImpl>
    <id class="string">YouTube</id>
    <resourceType>ASSET_TYPE</resourceType>
    <deps class="empty-set"/>
    <data class="com.fatwire.realtime.AssetTypeWrapper">
      <assettypeDescriptor class="com.openmarket.xcelerate.asset.AssetTypeDescriptor">
        <assettype>YouTube</assettype>
        <plural>YouTube Videos</plural>
        <logic>com.openmarket.xcelerate.asset.ProxyAssetType</logic>
        <description>YouTube Video</description>
        <usesearchindex>0</usesearchindex>
        <indexfile></indexfile>
        <urldescriptorspec>C:\Oracle\WebCenter\Sites\11gR1\Sites\11.1.1.8.0\Shared\Storage\AssetType\YouTube.xml</urldescriptorspec>
        <urldescriptordata>PEFTU0VUIE5BTUU9IiRBc3NldFR5cGUiIERFU0NSSVBUSU9OPSIkRGVzY3JpcHRpb24iIE1BUktF
UlRFWFQ9IioiIFBST0NFU1NPUj0iNC4wIiBERUZESVI9Ii8iPgogICAgPFBST1BFUlRJRVM+CiAg
ICA8L1BST1BFUlRJRVM+CjwvQVNTRVQ+</urldescriptordata>
        <canbechild>T</canbechild>
        <uid>3ef69dba-9095-468b-ba9d-dd6e2a43b60c</uid>
        <useDimension></useDimension>
      </assettypeDescriptor>
      <systemInfoIList class="com.openmarket.xcelerate.util.GeneralListCopy">
        <count>1</count>
        <currentRow>0</currentRow>
        <atEndFlag>false</atEndFlag>
        <columnNames>
          <string>metadata</string>
          <string>systable</string>
          <string>tblname</string>
          <string>defdir</string>
          <string>acl</string>
        </columnNames>
        <columnCount>5</columnCount>
        <indColumnNames/>
        <indColumnCount>0</indColumnCount>
        <isURLColumn>
          <boolean>false</boolean>
          <boolean>false</boolean>
          <boolean>false</boolean>
          <boolean>false</boolean>
          <boolean>false</boolean>
        </isURLColumn>
        <hashTable>
          <strings>
            <string></string>
            <string>Browser,SiteGod,xceleditor,xceladmin</string>
            <null/>
            <null/>
            <null/>
            <null/>
            <null/>
            <null/>
            <string>obj</string>
            <null/>
            <null/>
            <null/>
            <null/>
            <null/>
            <null/>
            <null/>
            <string>YouTube</string>
            <null/>
            <null/>
            <null/>
            <null/>
            <null/>
            <null/>
            <null/>
            <string>C:/Oracle/WebCenter/Sites/11gR1/Sites/11.1.1.8.0/Shared/Storage/YouTube/</string>
            <null/>
            <null/>
            <null/>
            <null/>
            <null/>
            <null/>
            <null/>
          </strings>
          <bytes>
            <null/>
            <null/>
            <null/>
            <null/>
            <null/>
            <null/>
            <null/>
            <null/>
            <null/>
            <null/>
            <null/>
            <null/>
            <null/>
            <null/>
            <null/>
            <null/>
            <null/>
            <null/>
            <null/>
            <null/>
            <null/>
            <null/>
            <null/>
            <null/>
            <null/>
            <null/>
            <null/>
            <null/>
            <null/>
            <null/>
            <null/>
            <null/>
          </bytes>
          <columns>
            <int>0</int>
            <int>4</int>
            <int>0</int>
            <int>0</int>
            <int>0</int>
            <int>0</int>
            <int>0</int>
            <int>0</int>
            <int>1</int>
            <int>0</int>
            <int>0</int>
            <int>0</int>
            <int>0</int>
            <int>0</int>
            <int>0</int>
            <int>0</int>
            <int>2</int>
            <int>0</int>
            <int>0</int>
            <int>0</int>
            <int>0</int>
            <int>0</int>
            <int>0</int>
            <int>0</int>
            <int>3</int>
            <int>0</int>
            <int>0</int>
            <int>0</int>
            <int>0</int>
            <int>0</int>
            <int>0</int>
            <int>0</int>
          </columns>
          <rows>
            <int>0</int>
            <int>0</int>
            <int>-1</int>
            <int>-1</int>
            <int>-1</int>
            <int>-1</int>
            <int>-1</int>
            <int>-1</int>
            <int>0</int>
            <int>-1</int>
            <int>-1</int>
            <int>-1</int>
            <int>-1</int>
            <int>-1</int>
            <int>-1</int>
            <int>-1</int>
            <int>0</int>
            <int>-1</int>
            <int>-1</int>
            <int>-1</int>
            <int>-1</int>
            <int>-1</int>
            <int>-1</int>
            <int>-1</int>
            <int>0</int>
            <int>-1</int>
            <int>-1</int>
            <int>-1</int>
            <int>-1</int>
            <int>-1</int>
            <int>-1</int>
            <int>-1</int>
          </rows>
          <hashsize>32</hashsize>
          <hashfull>24</hashfull>
          <hashcount>5</hashcount>
        </hashTable>
        <columnHash>
          <entry>
            <string>tblname</string>
            <int>2</int>
          </entry>
          <entry>
            <string>systable</string>
            <int>1</int>
          </entry>
          <entry>
            <string>metadata</string>
            <int>0</int>
          </entry>
          <entry>
            <string>defdir</string>
            <int>3</int>
          </entry>
          <entry>
            <string>acl</string>
            <int>4</int>
          </entry>
        </columnHash>
      </systemInfoIList>
      <systemSQLIList class="com.openmarket.xcelerate.util.GeneralListCopy">
        <count>0</count>
        <currentRow>0</currentRow>
        <atEndFlag>false</atEndFlag>
        <columnNames>
          <string>description</string>
          <string>deftable</string>
          <string>qryname</string>
          <string>url</string>
        </columnNames>
        <columnCount>4</columnCount>
        <indColumnNames>
          <string>@url</string>
        </indColumnNames>
        <indColumnCount>1</indColumnCount>
        <isURLColumn>
          <boolean>false</boolean>
          <boolean>false</boolean>
          <boolean>false</boolean>
          <boolean>true</boolean>
        </isURLColumn>
        <hashTable>
          <hashsize>0</hashsize>
          <hashfull>0</hashfull>
          <hashcount>0</hashcount>
        </hashTable>
        <columnHash>
          <entry>
            <string>deftable</string>
            <int>1</int>
          </entry>
          <entry>
            <string>qryname</string>
            <int>2</int>
          </entry>
          <entry>
            <string>url</string>
            <int>3</int>
          </entry>
          <entry>
            <string>description</string>
            <int>0</int>
          </entry>
        </columnHash>
      </systemSQLIList>
      <subtypes/>
      <associations/>
      <siteNames class="list">
        <string>avisports</string>
      </siteNames>
    </data>
  </com.fatwire.realtime.ResourceDataImpl>
</object-stream>
<!--==================___ METADATA ___================
<dependencies>
  <linked-hash-set>
    <dependency>
      <depType>E</depType>
      <resType>@ASSET_TYPE</resType>
      <resId>YouTube</resId>
      <uid>3ef69dba-9095-468b-ba9d-dd6e2a43b60c</uid>
    </dependency>
  </linked-hash-set>
</dependencies>
==================______________________==================
#
key=@ASSET_TYPE-3ef69dba-9095-468b-ba9d-dd6e2a43b60c
type=ASSET_TYPE
sites=avisports

==================___ END METADATA ___==================-->
