<?xml version="1.0" encoding="UTF-8" standalone="yes"?>
<ns2:assetBean xmlns:ns2="http://www.fatwire.com/schema/rest/1.0">
    <id>SiteEntry:1374098084046</id>
    <name>avisports_store/sidenav</name>
    <createdby>fwadmin</createdby>
    <createddate>2018-03-30T04:30:09.636Z</createddate>
    <description></description>
    <publist>Avi_Sports_Store</publist>
    <status>PL</status>
    <subtype></subtype>
    <updatedby>fwadmin</updatedby>
    <updateddate>2018-03-30T04:30:09.636Z</updateddate>
    <attribute>
        <name>startdate</name>
        <data/>
    </attribute>
    <attribute>
        <name>enddate</name>
        <data/>
    </attribute>
    <attribute>
        <name>filename</name>
        <data>
            <stringValue></stringValue>
        </data>
    </attribute>
    <attribute>
        <name>path</name>
        <data>
            <stringValue></stringValue>
        </data>
    </attribute>
    <attribute>
        <name>template</name>
        <data>
            <stringValue>OpenMarket/SiteEntryTemplate</stringValue>
        </data>
    </attribute>
    <attribute>
        <name>urlexternaldoc</name>
        <data/>
    </attribute>
    <attribute>
        <name>externaldoctype</name>
        <data>
            <stringValue></stringValue>
        </data>
    </attribute>
    <attribute>
        <name>urlexternaldocxml</name>
        <data/>
    </attribute>
    <attribute>
        <name>fw_uid</name>
        <data>
            <stringValue>a0ddc173-f05e-408c-aca4-e382959d646a</stringValue>
        </data>
    </attribute>
    <attribute>
        <name>id</name>
        <data>
            <longValue>1374098084046</longValue>
        </data>
    </attribute>
    <attribute>
        <name>fwtags</name>
        <data/>
    </attribute>
    <attribute>
        <name>Webreference</name>
        <data/>
    </attribute>
    <attribute>
        <name>category</name>
        <data>
            <stringValue></stringValue>
        </data>
    </attribute>
    <attribute>
        <name>pagename</name>
        <data>
            <stringValue>avisports_store/sidenav</stringValue>
        </data>
    </attribute>
    <attribute>
        <name>cs_wrapper</name>
        <data>
            <stringValue>n</stringValue>
        </data>
    </attribute>
    <attribute>
        <name>cselement_id</name>
        <data>
            <stringValue>CSElement:1374098084040</stringValue>
        </data>
    </attribute>
    <attribute>
        <name>acl</name>
        <data>
            <stringValue></stringValue>
        </data>
    </attribute>
    <attribute>
        <name>cscacheinfo</name>
        <data>
            <stringValue>false</stringValue>
        </data>
    </attribute>
    <attribute>
        <name>csstatus</name>
        <data>
            <stringValue>live</stringValue>
        </data>
    </attribute>
    <attribute>
        <name>defaultarguments</name>
        <data>
            <structList>
                <item>
                    <name>name</name>
                    <data>
                        <stringValue>rendermode</stringValue>
                    </data>
                </item>
                <item>
                    <name>value</name>
                    <data>
                        <stringValue>live</stringValue>
                    </data>
                </item>
            </structList>
            <structList>
                <item>
                    <name>name</name>
                    <data>
                        <stringValue>seid</stringValue>
                    </data>
                </item>
                <item>
                    <name>value</name>
                    <data>
                        <stringValue>1374098084046</stringValue>
                    </data>
                </item>
            </structList>
            <structList>
                <item>
                    <name>name</name>
                    <data>
                        <stringValue>site</stringValue>
                    </data>
                </item>
                <item>
                    <name>value</name>
                    <data>
                        <stringValue>Avi_Sports_Store</stringValue>
                    </data>
                </item>
            </structList>
        </data>
    </attribute>
    <attribute>
        <name>pagecriteria</name>
        <data>
            <stringList>rendermode</stringList>
            <stringList>seid</stringList>
            <stringList>site</stringList>
            <stringList>sitepfx</stringList>
            <stringList>ft_ss</stringList>
        </data>
    </attribute>
    <attribute>
        <name>rootelement</name>
        <data>
            <stringValue>avisports_store/sidenav</stringValue>
        </data>
    </attribute>
    <attribute>
        <name>sscacheinfo</name>
        <data>
            <stringValue>false</stringValue>
        </data>
    </attribute>
    <attribute>
        <name>pageletonly</name>
        <data>
            <stringValue>false</stringValue>
        </data>
    </attribute>
    <associations>
        <href>myPathassociations</href>
    </associations>
</ns2:assetBean>

<!--==================___ METADATA ___================
<dependencies>
  <linked-hash-set>
    <dependency>
      <depType>E</depType>
      <resType>CSElement</resType>
      <resId>1374098084040</resId>
      <uid>d19219b1-7fc5-4c05-bd4f-5a44136b288d</uid>
    </dependency>
    <dependency>
      <depType>N</depType>
      <resType>SiteEntry</resType>
      <resId>1374098084046</resId>
      <uid>a0ddc173-f05e-408c-aca4-e382959d646a</uid>
    </dependency>
  </linked-hash-set>
</dependencies>
==================______________________==================
#
key=SiteEntry-a0ddc173-f05e-408c-aca4-e382959d646a
type=ASSETDATA
sites=Avi_Sports_Store

==================___ END METADATA ___==================-->
