<?xml version="1.0" encoding="UTF-8" standalone="yes"?>
<ns2:assetBean xmlns:ns2="http://www.fatwire.com/schema/rest/1.0">
    <id>Template:1363951337264</id>
    <name>Summary/SideBar</name>
    <createdby>fwadmin</createdby>
    <createddate>2013-03-26T16:37:53.848Z</createddate>
    <description></description>
    <publist>avisports</publist>
    <status>PL</status>
    <subtype>YouTube</subtype>
    <updatedby>fwadmin</updatedby>
    <updateddate>2013-03-26T16:37:53.848Z</updateddate>
    <attribute>
        <name>startdate</name>
        <data/>
    </attribute>
    <attribute>
        <name>enddate</name>
        <data/>
    </attribute>
    <attribute>
        <name>filename</name>
        <data>
            <stringValue></stringValue>
        </data>
    </attribute>
    <attribute>
        <name>path</name>
        <data>
            <stringValue></stringValue>
        </data>
    </attribute>
    <attribute>
        <name>template</name>
        <data>
            <stringValue></stringValue>
        </data>
    </attribute>
    <attribute>
        <name>urlexternaldoc</name>
        <data/>
    </attribute>
    <attribute>
        <name>externaldoctype</name>
        <data>
            <stringValue></stringValue>
        </data>
    </attribute>
    <attribute>
        <name>urlexternaldocxml</name>
        <data/>
    </attribute>
    <attribute>
        <name>fw_uid</name>
        <data>
            <stringValue>955ed84b-3592-4947-905d-f4e1a503cdec</stringValue>
        </data>
    </attribute>
    <attribute>
        <name>id</name>
        <data>
            <longValue>1363951337264</longValue>
        </data>
    </attribute>
    <attribute>
        <name>fwtags</name>
        <data/>
    </attribute>
    <attribute>
        <name>Webreference</name>
        <data/>
    </attribute>
    <attribute>
        <name>category</name>
        <data>
            <stringValue></stringValue>
        </data>
    </attribute>
    <attribute>
        <name>keyword</name>
        <data>
            <stringValue></stringValue>
        </data>
    </attribute>
    <attribute>
        <name>source</name>
        <data>
            <stringValue></stringValue>
        </data>
    </attribute>
    <attribute>
        <name>rootelement</name>
        <data>
            <stringValue>YouTube/Summary/SideBar</stringValue>
        </data>
    </attribute>
    <attribute>
        <name>ttype</name>
        <data>
            <stringValue>b</stringValue>
        </data>
    </attribute>
    <attribute>
        <name>Arguments</name>
        <data/>
    </attribute>
    <attribute>
        <name>Composition</name>
        <data/>
    </attribute>
    <attribute>
        <name>Called</name>
        <data/>
    </attribute>
    <attribute>
        <name>Thumbnail</name>
        <data/>
    </attribute>
    <attribute>
        <name>Mapping</name>
        <data/>
    </attribute>
    <attribute>
        <name>acl</name>
        <data>
            <stringList>*</stringList>
        </data>
    </attribute>
    <attribute>
        <name>pagecriteria</name>
        <data>
            <stringList>c</stringList>
            <stringList>cid</stringList>
            <stringList>context</stringList>
            <stringList>d</stringList>
            <stringList>p</stringList>
            <stringList>rendermode</stringList>
            <stringList>site</stringList>
            <stringList>sitepfx</stringList>
            <stringList>ft_ss</stringList>
        </data>
    </attribute>
    <attribute>
        <name>element</name>
        <data>
            <structList>
                <item>
                    <name>resdetails2</name>
                    <data>
                        <stringValue></stringValue>
                    </data>
                </item>
                <item>
                    <name>cscacheinfo</name>
                    <data>
                        <stringValue>true,~0</stringValue>
                    </data>
                </item>
                <item>
                    <name>description</name>
                    <data>
                        <stringValue></stringValue>
                    </data>
                </item>
                <item>
                    <name>csstatus</name>
                    <data>
                        <stringValue>live</stringValue>
                    </data>
                </item>
                <item>
                    <name>sscacheinfo</name>
                    <data>
                        <stringValue>true,~0</stringValue>
                    </data>
                </item>
                <item>
                    <name>siteentry</name>
                    <data>
                        <structList>
                            <item>
                                <name>defaultarguments</name>
                                <data/>
                            </item>
                            <item>
                                <name>pagename</name>
                                <data>
                                    <stringValue>avisports/YouTube/Summary/SideBar</stringValue>
                                </data>
                            </item>
                        </structList>
                    </data>
                </item>
                <item>
                    <name>resdetails1</name>
                    <data>
                        <stringValue>tid=1363951337264</stringValue>
                    </data>
                </item>
                <item>
                    <name>elementname</name>
                    <data>
                        <stringValue>YouTube/Summary/SideBar</stringValue>
                    </data>
                </item>
                <item>
                    <name>url</name>
                    <data>
                        <blobValue>
                            <filename>YouTube/Summary/SideBar.jsp</filename>
                            <foldername></foldername>
                            <filedata></filedata>
                        </blobValue>
                    </data>
                </item>
            </structList>
        </data>
    </attribute>
    <attribute>
        <name>applicablesubtypes</name>
        <data>
            <stringList>*</stringList>
        </data>
    </attribute>
    <associations>
        <href>myPathassociations</href>
    </associations>
</ns2:assetBean>

<!--==================___ METADATA ___================
<dependencies>
  <linked-hash-set>
    <dependency>
      <depType>N</depType>
      <resType>Template</resType>
      <resId>1363951337264</resId>
      <uid>955ed84b-3592-4947-905d-f4e1a503cdec</uid>
    </dependency>
    <dependency>
      <depType>E</depType>
      <resType>@ASSET_TYPE</resType>
      <resId>YouTube</resId>
      <uid>3ef69dba-9095-468b-ba9d-dd6e2a43b60c</uid>
    </dependency>
  </linked-hash-set>
</dependencies>
==================______________________==================
#
storable0=/ELEMENTS/JSP/YouTube/Summary/SideBar.jsp|UTF-8|_storable_type\=%2FELEMENTS%2FJSP%2FYouTube%2FSummary%2FSideBar.jsp
@hashval=-334673354
key=Template-955ed84b-3592-4947-905d-f4e1a503cdec
type=ASSETDATA
sites=avisports

==================___ END METADATA ___==================-->
