<?xml version="1.0" encoding="UTF-8" standalone="yes"?>
<ns2:assetBean xmlns:ns2="http://www.fatwire.com/schema/rest/1.0">
    <id>CSElement:1328906575573</id>
    <name>avisports/Page/GetHome</name>
    <createdby>fwadmin</createdby>
    <createddate>2012-02-10T22:34:19.485Z</createddate>
    <description></description>
    <publist>avisports</publist>
    <status>PL</status>
    <subtype></subtype>
    <updatedby>fwadmin</updatedby>
    <updateddate>2012-02-10T22:34:19.485Z</updateddate>
    <attribute>
        <name>startdate</name>
        <data/>
    </attribute>
    <attribute>
        <name>enddate</name>
        <data/>
    </attribute>
    <attribute>
        <name>filename</name>
        <data>
            <stringValue></stringValue>
        </data>
    </attribute>
    <attribute>
        <name>path</name>
        <data>
            <stringValue></stringValue>
        </data>
    </attribute>
    <attribute>
        <name>template</name>
        <data>
            <stringValue></stringValue>
        </data>
    </attribute>
    <attribute>
        <name>urlexternaldoc</name>
        <data/>
    </attribute>
    <attribute>
        <name>externaldoctype</name>
        <data>
            <stringValue></stringValue>
        </data>
    </attribute>
    <attribute>
        <name>urlexternaldocxml</name>
        <data/>
    </attribute>
    <attribute>
        <name>fw_uid</name>
        <data>
            <stringValue>d56d7814-58c7-406a-92ea-028c460a949e</stringValue>
        </data>
    </attribute>
    <attribute>
        <name>id</name>
        <data>
            <longValue>1328906575573</longValue>
        </data>
    </attribute>
    <attribute>
        <name>fwtags</name>
        <data/>
    </attribute>
    <attribute>
        <name>Webreference</name>
        <data/>
    </attribute>
    <attribute>
        <name>Composition</name>
        <data/>
    </attribute>
    <attribute>
        <name>Mapping</name>
        <data/>
    </attribute>
    <attribute>
        <name>Arguments</name>
        <data/>
    </attribute>
    <attribute>
        <name>category</name>
        <data>
            <stringValue></stringValue>
        </data>
    </attribute>
    <attribute>
        <name>rootelement</name>
        <data>
            <stringValue>avisports/Page/GetHome</stringValue>
        </data>
    </attribute>
    <attribute>
        <name>elementname</name>
        <data>
            <stringValue>avisports/Page/GetHome</stringValue>
        </data>
    </attribute>
    <attribute>
        <name>resdetails1</name>
        <data>
            <stringValue>eid=1328906575573</stringValue>
        </data>
    </attribute>
    <attribute>
        <name>resdetails2</name>
        <data>
            <stringValue></stringValue>
        </data>
    </attribute>
    <attribute>
        <name>url</name>
        <data>
            <blobValue>
                <filename>avisports/Page/GetHome.jsp</filename>
                <foldername></foldername>
                <filedata></filedata>
            </blobValue>
        </data>
    </attribute>
    <associations>
        <href>myPathassociations</href>
    </associations>
</ns2:assetBean>

<!--==================___ METADATA ___================
<dependencies>
  <linked-hash-set>
    <dependency>
      <depType>N</depType>
      <resType>CSElement</resType>
      <resId>1328906575573</resId>
      <uid>d56d7814-58c7-406a-92ea-028c460a949e</uid>
    </dependency>
  </linked-hash-set>
</dependencies>
==================______________________==================
#
storable0=/ELEMENTS/JSP/avisports/Page/GetHome.jsp|UTF-8|_storable_type\=%2FELEMENTS%2FJSP%2Favisports%2FPage%2FGetHome.jsp
@hashval=-423738929
key=CSElement-d56d7814-58c7-406a-92ea-028c460a949e
type=ASSETDATA
sites=avisports

==================___ END METADATA ___==================-->
