<?xml version="1.0" encoding="UTF-8" standalone="yes"?>
<ns2:assetBean xmlns:ns2="http://www.fatwire.com/schema/rest/1.0">
    <id>Template:1335846242142</id>
    <name>Detail</name>
    <createdby>fwadmin</createdby>
    <createddate>2012-05-15T13:08:08.062Z</createddate>
    <description>Product Detail</description>
    <publist>avisports_store</publist>
    <status>PL</status>
    <subtype>AviProduct_C</subtype>
    <updatedby>fwadmin</updatedby>
    <updateddate>2012-05-15T13:08:08.062Z</updateddate>
    <attribute>
        <name>startdate</name>
        <data/>
    </attribute>
    <attribute>
        <name>enddate</name>
        <data/>
    </attribute>
    <attribute>
        <name>filename</name>
        <data>
            <stringValue></stringValue>
        </data>
    </attribute>
    <attribute>
        <name>path</name>
        <data>
            <stringValue></stringValue>
        </data>
    </attribute>
    <attribute>
        <name>template</name>
        <data>
            <stringValue></stringValue>
        </data>
    </attribute>
    <attribute>
        <name>urlexternaldoc</name>
        <data/>
    </attribute>
    <attribute>
        <name>externaldoctype</name>
        <data>
            <stringValue></stringValue>
        </data>
    </attribute>
    <attribute>
        <name>urlexternaldocxml</name>
        <data/>
    </attribute>
    <attribute>
        <name>fw_uid</name>
        <data>
            <stringValue>4d7f7c81-b0ef-4b62-b84f-3e1c41a3f590</stringValue>
        </data>
    </attribute>
    <attribute>
        <name>id</name>
        <data>
            <longValue>1335846242142</longValue>
        </data>
    </attribute>
    <attribute>
        <name>fwtags</name>
        <data/>
    </attribute>
    <attribute>
        <name>category</name>
        <data>
            <stringValue></stringValue>
        </data>
    </attribute>
    <attribute>
        <name>keyword</name>
        <data>
            <stringValue></stringValue>
        </data>
    </attribute>
    <attribute>
        <name>source</name>
        <data>
            <stringValue></stringValue>
        </data>
    </attribute>
    <attribute>
        <name>rootelement</name>
        <data>
            <stringValue>AviProduct_C/Detail</stringValue>
        </data>
    </attribute>
    <attribute>
        <name>ttype</name>
        <data>
            <stringValue>b</stringValue>
        </data>
    </attribute>
    <attribute>
        <name>Arguments</name>
        <data/>
    </attribute>
    <attribute>
        <name>Composition</name>
        <data/>
    </attribute>
    <attribute>
        <name>Called</name>
        <data/>
    </attribute>
    <attribute>
        <name>Thumbnail</name>
        <data/>
    </attribute>
    <attribute>
        <name>Mapping</name>
        <data/>
    </attribute>
    <attribute>
        <name>acl</name>
        <data>
            <stringList></stringList>
        </data>
    </attribute>
    <attribute>
        <name>pagecriteria</name>
        <data>
            <stringList>c</stringList>
            <stringList>cid</stringList>
            <stringList>context</stringList>
            <stringList>p</stringList>
            <stringList>rendermode</stringList>
            <stringList>site</stringList>
            <stringList>sitepfx</stringList>
            <stringList>ft_ss</stringList>
        </data>
    </attribute>
    <attribute>
        <name>element</name>
        <data>
            <structList>
                <item>
                    <name>resdetails2</name>
                    <data>
                        <stringValue></stringValue>
                    </data>
                </item>
                <item>
                    <name>cscacheinfo</name>
                    <data>
                        <stringValue>true,~0</stringValue>
                    </data>
                </item>
                <item>
                    <name>description</name>
                    <data>
                        <stringValue></stringValue>
                    </data>
                </item>
                <item>
                    <name>csstatus</name>
                    <data>
                        <stringValue>live</stringValue>
                    </data>
                </item>
                <item>
                    <name>sscacheinfo</name>
                    <data>
                        <stringValue>true,~0</stringValue>
                    </data>
                </item>
                <item>
                    <name>siteentry</name>
                    <data>
                        <structList>
                            <item>
                                <name>defaultarguments</name>
                                <data>
                                    <structList>
                                        <item>
                                            <name>name</name>
                                            <data>
                                                <stringValue>c</stringValue>
                                            </data>
                                        </item>
                                        <item>
                                            <name>value</name>
                                            <data>
                                                <stringValue>AviProduct_C</stringValue>
                                            </data>
                                        </item>
                                    </structList>
                                    <structList>
                                        <item>
                                            <name>name</name>
                                            <data>
                                                <stringValue>rendermode</stringValue>
                                            </data>
                                        </item>
                                        <item>
                                            <name>value</name>
                                            <data>
                                                <stringValue>live</stringValue>
                                            </data>
                                        </item>
                                    </structList>
                                    <structList>
                                        <item>
                                            <name>name</name>
                                            <data>
                                                <stringValue>site</stringValue>
                                            </data>
                                        </item>
                                        <item>
                                            <name>value</name>
                                            <data>
                                                <stringValue>avisports_store</stringValue>
                                            </data>
                                        </item>
                                    </structList>
                                </data>
                            </item>
                            <item>
                                <name>pagename</name>
                                <data>
                                    <stringValue>avisports_store/AviProduct_C/Detail</stringValue>
                                </data>
                            </item>
                        </structList>
                    </data>
                </item>
                <item>
                    <name>resdetails1</name>
                    <data>
                        <stringValue>tid=1335846242142</stringValue>
                    </data>
                </item>
                <item>
                    <name>elementname</name>
                    <data>
                        <stringValue>AviProduct_C/Detail</stringValue>
                    </data>
                </item>
                <item>
                    <name>url</name>
                    <data>
                        <blobValue>
                            <filename>AviProduct_C\Detail.jsp</filename>
                            <foldername></foldername>
                            <filedata></filedata>
                        </blobValue>
                    </data>
                </item>
            </structList>
        </data>
    </attribute>
    <attribute>
        <name>applicablesubtypes</name>
        <data>
            <stringList>Product</stringList>
        </data>
    </attribute>
    <associations>
        <href>myPathassociations</href>
    </associations>
</ns2:assetBean>

<!--==================___ METADATA ___================
<dependencies>
  <list>
    <dependency>
      <depType>N</depType>
      <resType>Template</resType>
      <resId>1335846242142</resId>
      <uid>4d7f7c81-b0ef-4b62-b84f-3e1c41a3f590</uid>
    </dependency>
    <dependency>
      <depType>E</depType>
      <resType>@ASSET_TYPE</resType>
      <resId>AviProduct_C</resId>
      <uid>1a3f1f87-da1f-4a7a-8ed8-ceba2838c43c</uid>
    </dependency>
  </list>
</dependencies>
==================______________________==================
#
#Tue May 15 13:08:08 GMT 2012
storable0=/ELEMENTS/JSP/AviProduct_C/Detail.jsp|UTF-8|_storable_type\=%2FELEMENTS%2FJSP%2FAviProduct_C%2FDetail.jsp
key=Template-4d7f7c81-b0ef-4b62-b84f-3e1c41a3f590
type=ASSETDATA
sites=avisports_store

==================___ END METADATA ___==================-->
