<?xml version="1.0" encoding="UTF-8" standalone="yes"?>
<ns2:assetBean xmlns:ns2="http://www.fatwire.com/schema/rest/1.0">
    <id>SiteEntry:1335846242258</id>
    <name>Avi_Sports_Store/footer</name>
    <createdby>fwadmin</createdby>
    <createddate>2012-05-16T07:14:26.921Z</createddate>
    <description></description>
    <publist>Avi_Sports_Store</publist>
    <status>PL</status>
    <subtype></subtype>
    <updatedby>fwadmin</updatedby>
    <updateddate>2012-05-16T07:14:26.921Z</updateddate>
    <attribute>
        <name>startdate</name>
        <data/>
    </attribute>
    <attribute>
        <name>enddate</name>
        <data/>
    </attribute>
    <attribute>
        <name>filename</name>
        <data>
            <stringValue></stringValue>
        </data>
    </attribute>
    <attribute>
        <name>path</name>
        <data>
            <stringValue></stringValue>
        </data>
    </attribute>
    <attribute>
        <name>template</name>
        <data>
            <stringValue>OpenMarket/SiteEntryTemplate</stringValue>
        </data>
    </attribute>
    <attribute>
        <name>urlexternaldoc</name>
        <data/>
    </attribute>
    <attribute>
        <name>externaldoctype</name>
        <data>
            <stringValue></stringValue>
        </data>
    </attribute>
    <attribute>
        <name>urlexternaldocxml</name>
        <data/>
    </attribute>
    <attribute>
        <name>fw_uid</name>
        <data>
            <stringValue>842a6e69-700a-4db7-befe-f02b43b44ddf</stringValue>
        </data>
    </attribute>
    <attribute>
        <name>id</name>
        <data>
            <longValue>1335846242258</longValue>
        </data>
    </attribute>
    <attribute>
        <name>fwtags</name>
        <data/>
    </attribute>
    <attribute>
        <name>category</name>
        <data>
            <stringValue></stringValue>
        </data>
    </attribute>
    <attribute>
        <name>pagename</name>
        <data>
            <stringValue>Avi_Sports_Store/footer</stringValue>
        </data>
    </attribute>
    <attribute>
        <name>cs_wrapper</name>
        <data>
            <stringValue>n</stringValue>
        </data>
    </attribute>
    <attribute>
        <name>cselement_id</name>
        <data>
            <stringValue>CSElement:1335846242253</stringValue>
        </data>
    </attribute>
    <attribute>
        <name>acl</name>
        <data>
            <stringValue></stringValue>
        </data>
    </attribute>
    <attribute>
        <name>cscacheinfo</name>
        <data>
            <stringValue>true,~0</stringValue>
        </data>
    </attribute>
    <attribute>
        <name>csstatus</name>
        <data>
            <stringValue>live</stringValue>
        </data>
    </attribute>
    <attribute>
        <name>defaultarguments</name>
        <data>
            <structList>
                <item>
                    <name>name</name>
                    <data>
                        <stringValue>rendermode</stringValue>
                    </data>
                </item>
                <item>
                    <name>value</name>
                    <data>
                        <stringValue>live</stringValue>
                    </data>
                </item>
            </structList>
            <structList>
                <item>
                    <name>name</name>
                    <data>
                        <stringValue>seid</stringValue>
                    </data>
                </item>
                <item>
                    <name>value</name>
                    <data>
                        <stringValue>1335846242258</stringValue>
                    </data>
                </item>
            </structList>
            <structList>
                <item>
                    <name>name</name>
                    <data>
                        <stringValue>site</stringValue>
                    </data>
                </item>
                <item>
                    <name>value</name>
                    <data>
                        <stringValue>Avi_Sports_Store</stringValue>
                    </data>
                </item>
            </structList>
        </data>
    </attribute>
    <attribute>
        <name>pagecriteria</name>
        <data>
            <stringList>rendermode</stringList>
            <stringList>seid</stringList>
            <stringList>site</stringList>
            <stringList>sitepfx</stringList>
            <stringList>ft_ss</stringList>
        </data>
    </attribute>
    <attribute>
        <name>rootelement</name>
        <data>
            <stringValue>Avi_Sports_Store/footer</stringValue>
        </data>
    </attribute>
    <attribute>
        <name>sscacheinfo</name>
        <data>
            <stringValue>true,~0</stringValue>
        </data>
    </attribute>
    <attribute>
        <name>pageletonly</name>
        <data>
            <stringValue>false</stringValue>
        </data>
    </attribute>
    <associations>
        <href>myPathassociations</href>
    </associations>
</ns2:assetBean>

<!--==================___ METADATA ___================
<dependencies>
  <list>
    <dependency>
      <depType>E</depType>
      <resType>CSElement</resType>
      <resId>1335846242253</resId>
      <uid>54d82c4b-9623-4242-a087-1c75399bb782</uid>
    </dependency>
    <dependency>
      <depType>N</depType>
      <resType>SiteEntry</resType>
      <resId>1335846242258</resId>
      <uid>842a6e69-700a-4db7-befe-f02b43b44ddf</uid>
    </dependency>
  </list>
</dependencies>
==================______________________==================
#
#Wed May 16 07:24:33 GMT 2012
key=SiteEntry-842a6e69-700a-4db7-befe-f02b43b44ddf
type=ASSETDATA
sites=Avi_Sports_Store

==================___ END METADATA ___==================-->
