<?xml version="1.0" encoding="UTF-8" standalone="yes"?>
<ns2:assetBean xmlns:ns2="http://www.fatwire.com/schema/rest/1.0">
    <id>CSElement:1335846242286</id>
    <name>avisports_store/sidenav</name>
    <createdby>fwadmin</createdby>
    <createddate>2012-05-16T07:23:21.000Z</createddate>
    <description></description>
    <publist>avisports_store</publist>
    <status>PL</status>
    <subtype></subtype>
    <updatedby>fwadmin</updatedby>
    <updateddate>2012-05-16T07:23:21.000Z</updateddate>
    <attribute>
        <name>startdate</name>
        <data/>
    </attribute>
    <attribute>
        <name>enddate</name>
        <data/>
    </attribute>
    <attribute>
        <name>filename</name>
        <data>
            <stringValue></stringValue>
        </data>
    </attribute>
    <attribute>
        <name>path</name>
        <data>
            <stringValue></stringValue>
        </data>
    </attribute>
    <attribute>
        <name>template</name>
        <data>
            <stringValue></stringValue>
        </data>
    </attribute>
    <attribute>
        <name>urlexternaldoc</name>
        <data/>
    </attribute>
    <attribute>
        <name>externaldoctype</name>
        <data>
            <stringValue></stringValue>
        </data>
    </attribute>
    <attribute>
        <name>urlexternaldocxml</name>
        <data/>
    </attribute>
    <attribute>
        <name>fw_uid</name>
        <data>
            <stringValue>3fa6275e-1eed-4a1e-99e5-bd5f998d1dbd</stringValue>
        </data>
    </attribute>
    <attribute>
        <name>id</name>
        <data>
            <longValue>1335846242286</longValue>
        </data>
    </attribute>
    <attribute>
        <name>fwtags</name>
        <data/>
    </attribute>
    <attribute>
        <name>Composition</name>
        <data/>
    </attribute>
    <attribute>
        <name>Mapping</name>
        <data/>
    </attribute>
    <attribute>
        <name>Arguments</name>
        <data/>
    </attribute>
    <attribute>
        <name>category</name>
        <data>
            <stringValue></stringValue>
        </data>
    </attribute>
    <attribute>
        <name>rootelement</name>
        <data>
            <stringValue>avisports_store/sidenav</stringValue>
        </data>
    </attribute>
    <attribute>
        <name>elementname</name>
        <data>
            <stringValue>avisports_store/sidenav</stringValue>
        </data>
    </attribute>
    <attribute>
        <name>resdetails1</name>
        <data>
            <stringValue>eid=1335846242286</stringValue>
        </data>
    </attribute>
    <attribute>
        <name>resdetails2</name>
        <data>
            <stringValue></stringValue>
        </data>
    </attribute>
    <attribute>
        <name>url</name>
        <data>
            <blobValue>
                <filename>avisports_store\sidenav.jsp</filename>
                <foldername></foldername>
                <filedata></filedata>
            </blobValue>
        </data>
    </attribute>
    <associations>
        <href>myPathassociations</href>
    </associations>
</ns2:assetBean>

<!--==================___ METADATA ___================
<dependencies>
  <list>
    <dependency>
      <depType>N</depType>
      <resType>CSElement</resType>
      <resId>1335846242286</resId>
      <uid>3fa6275e-1eed-4a1e-99e5-bd5f998d1dbd</uid>
    </dependency>
  </list>
</dependencies>
==================______________________==================
#
#Wed May 16 07:24:18 GMT 2012
storable0=/ELEMENTS/JSP/avisports_store/sidenav.jsp|UTF-8|_storable_type\=%2FELEMENTS%2FJSP%2Favisports_store%2Fsidenav.jsp
key=CSElement-3fa6275e-1eed-4a1e-99e5-bd5f998d1dbd
type=ASSETDATA
sites=avisports_store

==================___ END METADATA ___==================-->
