<?xml version="1.0" encoding="UTF-8" standalone="yes"?>
<ns2:assetBean xmlns:ns2="http://www.fatwire.com/schema/rest/1.0">
    <id>SiteEntry:1369387551407</id>
    <name>avisports/navbar_Touch</name>
    <createdby>fwadmin</createdby>
    <createddate>2013-05-24T10:48:02.743Z</createddate>
    <description></description>
    <publist>avisports</publist>
    <status>ED</status>
    <subtype></subtype>
    <updatedby>fwadmin</updatedby>
    <updateddate>2013-05-24T13:46:24.793Z</updateddate>
    <attribute>
        <name>startdate</name>
        <data/>
    </attribute>
    <attribute>
        <name>enddate</name>
        <data/>
    </attribute>
    <attribute>
        <name>filename</name>
        <data>
            <stringValue></stringValue>
        </data>
    </attribute>
    <attribute>
        <name>path</name>
        <data>
            <stringValue></stringValue>
        </data>
    </attribute>
    <attribute>
        <name>template</name>
        <data>
            <stringValue>OpenMarket/SiteEntryTemplate</stringValue>
        </data>
    </attribute>
    <attribute>
        <name>urlexternaldoc</name>
        <data/>
    </attribute>
    <attribute>
        <name>externaldoctype</name>
        <data>
            <stringValue></stringValue>
        </data>
    </attribute>
    <attribute>
        <name>urlexternaldocxml</name>
        <data/>
    </attribute>
    <attribute>
        <name>fw_uid</name>
        <data>
            <stringValue>75c6ca74-b422-439c-a8ba-20a5b3462932</stringValue>
        </data>
    </attribute>
    <attribute>
        <name>id</name>
        <data>
            <longValue>1369387551407</longValue>
        </data>
    </attribute>
    <attribute>
        <name>fwtags</name>
        <data/>
    </attribute>
    <attribute>
        <name>Webreference</name>
        <data/>
    </attribute>
    <attribute>
        <name>category</name>
        <data>
            <stringValue></stringValue>
        </data>
    </attribute>
    <attribute>
        <name>pagename</name>
        <data>
            <stringValue>avisports/navbar_Touch</stringValue>
        </data>
    </attribute>
    <attribute>
        <name>cs_wrapper</name>
        <data>
            <stringValue>n</stringValue>
        </data>
    </attribute>
    <attribute>
        <name>cselement_id</name>
        <data>
            <stringValue>CSElement:1369387551350</stringValue>
        </data>
    </attribute>
    <attribute>
        <name>acl</name>
        <data>
            <stringValue></stringValue>
        </data>
    </attribute>
    <attribute>
        <name>cscacheinfo</name>
        <data>
            <stringValue>true,~0</stringValue>
        </data>
    </attribute>
    <attribute>
        <name>csstatus</name>
        <data>
            <stringValue>live</stringValue>
        </data>
    </attribute>
    <attribute>
        <name>defaultarguments</name>
        <data>
            <structList>
                <item>
                    <name>name</name>
                    <data>
                        <stringValue>rendermode</stringValue>
                    </data>
                </item>
                <item>
                    <name>value</name>
                    <data>
                        <stringValue>live</stringValue>
                    </data>
                </item>
            </structList>
            <structList>
                <item>
                    <name>name</name>
                    <data>
                        <stringValue>seid</stringValue>
                    </data>
                </item>
                <item>
                    <name>value</name>
                    <data>
                        <stringValue>1369387551407</stringValue>
                    </data>
                </item>
            </structList>
            <structList>
                <item>
                    <name>name</name>
                    <data>
                        <stringValue>site</stringValue>
                    </data>
                </item>
                <item>
                    <name>value</name>
                    <data>
                        <stringValue>avisports</stringValue>
                    </data>
                </item>
            </structList>
        </data>
    </attribute>
    <attribute>
        <name>pagecriteria</name>
        <data>
            <stringList>d</stringList>
            <stringList>deviceid</stringList>
            <stringList>rendermode</stringList>
            <stringList>seid</stringList>
            <stringList>site</stringList>
            <stringList>sitepfx</stringList>
            <stringList>ft_ss</stringList>
        </data>
    </attribute>
    <attribute>
        <name>rootelement</name>
        <data>
            <stringValue>avisports/navbar_Touch</stringValue>
        </data>
    </attribute>
    <attribute>
        <name>sscacheinfo</name>
        <data>
            <stringValue>true,~0</stringValue>
        </data>
    </attribute>
    <attribute>
        <name>pageletonly</name>
        <data>
            <stringValue>true</stringValue>
        </data>
    </attribute>
    <associations>
        <href>myPathassociations</href>
    </associations>
</ns2:assetBean>

<!--==================___ METADATA ___================
<dependencies>
  <linked-hash-set>
    <dependency>
      <depType>E</depType>
      <resType>CSElement</resType>
      <resId>1369387551350</resId>
      <uid>7f1025d7-f6c3-4685-9eaa-e9fbf278fad9</uid>
    </dependency>
    <dependency>
      <depType>N</depType>
      <resType>SiteEntry</resType>
      <resId>1369387551407</resId>
      <uid>75c6ca74-b422-439c-a8ba-20a5b3462932</uid>
    </dependency>
  </linked-hash-set>
</dependencies>
==================______________________==================
#
key=SiteEntry-75c6ca74-b422-439c-a8ba-20a5b3462932
type=ASSETDATA
sites=avisports

==================___ END METADATA ___==================-->
