<ASSET NAME="SimpleArticle" DESCRIPTION="SimpleArticle" MARKERTEXT="*" PROCESSOR="5.0"  DEFDIR="D:\Shared\Storage\SimpleArticle">

    <PROPERTIES>
    <PROPERTY NAME="title" DESCRIPTION="Title">
        <STORAGE TYPE="VARCHAR" LENGTH="200"/>
        <INPUTFORM REQUIRED="YES" TYPE="TEXT"  WIDTH="50" MAXLENGTH="200" INSTRUCTION="Enter a Title" /> 
    </PROPERTY> 
    <PROPERTY NAME="body" DESCRIPTION="Body">
        <STORAGE TYPE="VARCHAR" LENGTH="2000"/>
        <INPUTFORM REQUIRED="YES" TYPE="TEXTAREA"  COLS="50" ROWS="25" MAXLENGTH="2000" INSTRUCTION="Enter the article text here" /> 
    </PROPERTY> 
    <PROPERTY NAME="author" DESCRIPTION="Author">
        <STORAGE TYPE="VARCHAR" LENGTH="50"/>
        <INPUTFORM REQUIRED="YES" TYPE="TEXT"  WIDTH="50" MAXLENGTH="50" INSTRUCTION="Enter the contact" /> 
    </PROPERTY>       
    </PROPERTIES>
</ASSET>

